{"cameraMode":{"drawMode":0,"name":"Shaded","section":"Shading Mode"},"sceneLighting":true,"audioPlay":false,"sceneViewState":{"m_AlwaysRefresh":false,"showFog":true,"showSkybox":true,"showFlares":true,"showImageEffects":true,"showParticleSystems":true,"showVisualEffectGraphs":true,"m_FxEnabled":true},"in2DMode":false,"pivot":{"x":-0.5077359676361084,"y":0.5883762836456299,"z":0.5215582847595215},"rotation":{"x":0.49488499760627749,"y":-0.24089257419109345,"z":0.14499203860759736,"w":0.8222156167030335},"size":1.882340908050537,"orthographic":false}